-- MySQL dump 10.16  Distrib 10.1.41-MariaDB, for Linux (x86_64)
--
-- Host: db    Database: challenge
-- ------------------------------------------------------
-- Server version	10.4.18-MariaDB-1:10.4.18+maria~bionic

/*!40101 SET @OLD_CHARACTER_SET_CLIENT=@@CHARACTER_SET_CLIENT */;
/*!40101 SET @OLD_CHARACTER_SET_RESULTS=@@CHARACTER_SET_RESULTS */;
/*!40101 SET @OLD_COLLATION_CONNECTION=@@COLLATION_CONNECTION */;
/*!40101 SET NAMES utf8 */;
/*!40103 SET @OLD_TIME_ZONE=@@TIME_ZONE */;
/*!40103 SET TIME_ZONE='+00:00' */;
/*!40014 SET @OLD_UNIQUE_CHECKS=@@UNIQUE_CHECKS, UNIQUE_CHECKS=0 */;
/*!40014 SET @OLD_FOREIGN_KEY_CHECKS=@@FOREIGN_KEY_CHECKS, FOREIGN_KEY_CHECKS=0 */;
/*!40101 SET @OLD_SQL_MODE=@@SQL_MODE, SQL_MODE='NO_AUTO_VALUE_ON_ZERO' */;
/*!40111 SET @OLD_SQL_NOTES=@@SQL_NOTES, SQL_NOTES=0 */;

--
-- Table structure for table `countries`
--

DROP TABLE IF EXISTS `countries`;
/*!40101 SET @saved_cs_client     = @@character_set_client */;
/*!40101 SET character_set_client = utf8 */;
CREATE TABLE `countries` (
  `id` varchar(2) COLLATE utf8_unicode_ci NOT NULL,
  `name` varchar(255) COLLATE utf8_unicode_ci NOT NULL,
  `created_at` datetime NOT NULL,
  `updated_at` datetime NOT NULL,
  PRIMARY KEY (`id`),
  UNIQUE KEY `UNIQ_5D66EBAD5E237E06` (`name`)
) ENGINE=InnoDB DEFAULT CHARSET=utf8 COLLATE=utf8_unicode_ci;
/*!40101 SET character_set_client = @saved_cs_client */;

--
-- Dumping data for table `countries`
--

LOCK TABLES `countries` WRITE;
/*!40000 ALTER TABLE `countries` DISABLE KEYS */;
INSERT INTO `countries` VALUES ('AT','Austria','2021-06-01 11:27:38','2021-06-01 11:27:38'),('BE','Belgium','2021-06-01 11:27:38','2021-06-01 11:27:38'),('CH','Switzerland','2021-06-01 11:27:38','2021-06-01 11:27:38'),('DE','Germany','2021-06-01 11:27:38','2021-06-01 11:27:38'),('DK','Denmark','2021-06-01 11:27:38','2021-06-01 11:27:38'),('FR','France','2021-06-01 11:27:38','2021-06-01 11:27:38'),('NL','Netherlands','2021-06-01 11:27:38','2021-06-01 11:27:38'),('PL','Poland','2021-06-01 11:27:38','2021-06-01 11:27:38');
/*!40000 ALTER TABLE `countries` ENABLE KEYS */;
UNLOCK TABLES;

--
-- Table structure for table `customers`
--

DROP TABLE IF EXISTS `customers`;
/*!40101 SET @saved_cs_client     = @@character_set_client */;
/*!40101 SET character_set_client = utf8 */;
CREATE TABLE `customers` (
  `id` int(11) NOT NULL AUTO_INCREMENT,
  `name` varchar(255) COLLATE utf8_unicode_ci NOT NULL,
  `created_at` datetime NOT NULL,
  `updated_at` datetime NOT NULL,
  PRIMARY KEY (`id`)
) ENGINE=InnoDB AUTO_INCREMENT=6 DEFAULT CHARSET=utf8 COLLATE=utf8_unicode_ci;
/*!40101 SET character_set_client = @saved_cs_client */;

--
-- Dumping data for table `customers`
--

LOCK TABLES `customers` WRITE;
/*!40000 ALTER TABLE `customers` DISABLE KEYS */;
INSERT INTO `customers` VALUES (1,'customer_1','2021-06-01 11:27:39','2021-06-01 11:27:39'),(2,'customer_2','2021-06-01 11:27:39','2021-06-01 11:27:39'),(3,'customer_3','2021-06-01 11:27:39','2021-06-01 11:27:39'),(4,'customer_4','2021-06-01 11:27:39','2021-06-01 11:27:39'),(5,'customer_5','2021-06-01 11:27:39','2021-06-01 11:27:39');
/*!40000 ALTER TABLE `customers` ENABLE KEYS */;
UNLOCK TABLES;

--
-- Table structure for table `ext_log_entries`
--

DROP TABLE IF EXISTS `ext_log_entries`;
/*!40101 SET @saved_cs_client     = @@character_set_client */;
/*!40101 SET character_set_client = utf8 */;
CREATE TABLE `ext_log_entries` (
  `id` int(11) NOT NULL AUTO_INCREMENT,
  `action` varchar(8) COLLATE utf8_unicode_ci NOT NULL,
  `logged_at` datetime NOT NULL,
  `object_id` varchar(64) COLLATE utf8_unicode_ci DEFAULT NULL,
  `object_class` varchar(255) COLLATE utf8_unicode_ci NOT NULL,
  `version` int(11) NOT NULL,
  `data` longtext COLLATE utf8_unicode_ci DEFAULT NULL COMMENT '(DC2Type:array)',
  `username` varchar(255) COLLATE utf8_unicode_ci DEFAULT NULL,
  PRIMARY KEY (`id`),
  KEY `log_class_lookup_idx` (`object_class`),
  KEY `log_date_lookup_idx` (`logged_at`),
  KEY `log_user_lookup_idx` (`username`),
  KEY `log_version_lookup_idx` (`object_id`,`object_class`,`version`)
) ENGINE=InnoDB DEFAULT CHARSET=utf8 COLLATE=utf8_unicode_ci ROW_FORMAT=DYNAMIC;
/*!40101 SET character_set_client = @saved_cs_client */;

--
-- Dumping data for table `ext_log_entries`
--

LOCK TABLES `ext_log_entries` WRITE;
/*!40000 ALTER TABLE `ext_log_entries` DISABLE KEYS */;
/*!40000 ALTER TABLE `ext_log_entries` ENABLE KEYS */;
UNLOCK TABLES;

--
-- Table structure for table `items`
--

DROP TABLE IF EXISTS `items`;
/*!40101 SET @saved_cs_client     = @@character_set_client */;
/*!40101 SET character_set_client = utf8 */;
CREATE TABLE `items` (
  `id` int(11) NOT NULL AUTO_INCREMENT,
  `name` varchar(255) COLLATE utf8_unicode_ci NOT NULL,
  `description` longtext COLLATE utf8_unicode_ci DEFAULT NULL,
  `created_at` datetime NOT NULL,
  `updated_at` datetime NOT NULL,
  PRIMARY KEY (`id`),
  UNIQUE KEY `UNIQ_E11EE94D5E237E06` (`name`)
) ENGINE=InnoDB AUTO_INCREMENT=4 DEFAULT CHARSET=utf8 COLLATE=utf8_unicode_ci;
/*!40101 SET character_set_client = @saved_cs_client */;

--
-- Dumping data for table `items`
--

LOCK TABLES `items` WRITE;
/*!40000 ALTER TABLE `items` DISABLE KEYS */;
INSERT INTO `items` VALUES (1,'boskop','Boskop, a classic','2021-06-01 11:27:38','2021-06-01 11:27:38'),(2,'golden_delicious','Another classic','2021-06-01 11:27:39','2021-06-01 11:27:39'),(3,'early_joe','Augustapfel','2021-06-01 11:27:39','2021-06-01 11:27:39');
/*!40000 ALTER TABLE `items` ENABLE KEYS */;
UNLOCK TABLES;

--
-- Table structure for table `products`
--

DROP TABLE IF EXISTS `products`;
/*!40101 SET @saved_cs_client     = @@character_set_client */;
/*!40101 SET character_set_client = utf8 */;
CREATE TABLE `products` (
  `id` int(11) NOT NULL AUTO_INCREMENT,
  `country_id` varchar(2) COLLATE utf8_unicode_ci DEFAULT NULL,
  `item_id` int(11) DEFAULT NULL,
  `price` bigint(20) NOT NULL,
  `vat` decimal(4,2) NOT NULL DEFAULT 7.00,
  `availableFrom` datetime NOT NULL,
  `availableUntil` datetime NOT NULL,
  `min_subscription_time` int(11) NOT NULL,
  `min_quantity` int(11) NOT NULL,
  `shipping_costs` longtext COLLATE utf8_unicode_ci NOT NULL COMMENT '(DC2Type:json_array)',
  `notes` varchar(255) COLLATE utf8_unicode_ci NOT NULL,
  `created_at` datetime NOT NULL,
  `updated_at` datetime NOT NULL,
  PRIMARY KEY (`id`),
  KEY `IDX_B3BA5A5AF92F3E70` (`country_id`),
  KEY `IDX_B3BA5A5A126F525E` (`item_id`),
  CONSTRAINT `FK_B3BA5A5A126F525E` FOREIGN KEY (`item_id`) REFERENCES `items` (`id`),
  CONSTRAINT `FK_B3BA5A5AF92F3E70` FOREIGN KEY (`country_id`) REFERENCES `countries` (`id`)
) ENGINE=InnoDB AUTO_INCREMENT=25 DEFAULT CHARSET=utf8 COLLATE=utf8_unicode_ci;
/*!40101 SET character_set_client = @saved_cs_client */;

--
-- Dumping data for table `products`
--

LOCK TABLES `products` WRITE;
/*!40000 ALTER TABLE `products` DISABLE KEYS */;
INSERT INTO `products` VALUES (1,'DE',1,100,7.00,'2020-01-01 00:00:00','2025-12-31 23:59:59',1,10,'[{\"from\":0,\"costs\":100},{\"from\":50,\"costs\":50}]','','2021-06-01 11:27:38','2021-06-01 11:27:38'),(2,'DE',1,75,7.00,'2020-01-01 00:00:00','2025-12-31 23:59:59',3,10,'[{\"from\":0,\"costs\":100},{\"from\":50,\"costs\":50}]','','2021-06-01 11:27:38','2021-06-01 11:27:38'),(3,'DE',1,50,7.00,'2020-01-01 00:00:00','2025-12-31 23:59:59',6,10,'[{\"from\":0,\"costs\":100},{\"from\":50,\"costs\":50}]','','2021-06-01 11:27:38','2021-06-01 11:27:38'),(4,'DE',1,10,7.00,'2020-01-01 00:00:00','2025-12-31 23:59:59',12,10,'[{\"from\":0,\"costs\":100},{\"from\":50,\"costs\":50}]','','2021-06-01 11:27:38','2021-06-01 11:27:38'),(5,'AT',1,100,10.00,'2020-01-01 00:00:00','2025-12-31 23:59:59',1,10,'[{\"from\":0,\"costs\":100},{\"from\":50,\"costs\":50}]','','2021-06-01 11:27:38','2021-06-01 11:27:38'),(6,'AT',1,75,10.00,'2020-01-01 00:00:00','2025-12-31 23:59:59',3,10,'[{\"from\":0,\"costs\":100},{\"from\":50,\"costs\":50}]','','2021-06-01 11:27:38','2021-06-01 11:27:38'),(7,'AT',1,50,10.00,'2020-01-01 00:00:00','2025-12-31 23:59:59',6,10,'[{\"from\":0,\"costs\":100},{\"from\":50,\"costs\":50}]','','2021-06-01 11:27:38','2021-06-01 11:27:38'),(8,'AT',1,10,10.00,'2020-01-01 00:00:00','2025-12-31 23:59:59',12,10,'[{\"from\":0,\"costs\":100},{\"from\":50,\"costs\":50}]','','2021-06-01 11:27:38','2021-06-01 11:27:38'),(9,'CH',1,75,2.50,'2020-01-01 00:00:00','2025-12-31 23:59:59',6,10,'[{\"from\":0,\"costs\":100},{\"from\":50,\"costs\":50}]','','2021-06-01 11:27:38','2021-06-01 11:27:38'),(10,'CH',1,50,2.50,'2020-01-01 00:00:00','2025-12-31 23:59:59',12,10,'[{\"from\":0,\"costs\":100},{\"from\":50,\"costs\":50}]','','2021-06-01 11:27:38','2021-06-01 11:27:38'),(11,'DE',2,100,7.00,'2020-01-01 00:00:00','2025-12-31 23:59:59',1,10,'[{\"from\":0,\"costs\":100},{\"from\":50,\"costs\":50}]','','2021-06-01 11:27:39','2021-06-01 11:27:39'),(12,'DE',2,75,7.00,'2020-01-01 00:00:00','2025-12-31 23:59:59',3,10,'[{\"from\":0,\"costs\":100},{\"from\":50,\"costs\":50}]','','2021-06-01 11:27:39','2021-06-01 11:27:39'),(13,'DE',2,50,7.00,'2020-01-01 00:00:00','2025-12-31 23:59:59',6,10,'[{\"from\":0,\"costs\":100},{\"from\":50,\"costs\":50}]','','2021-06-01 11:27:39','2021-06-01 11:27:39'),(14,'DE',2,10,7.00,'2020-01-01 00:00:00','2025-12-31 23:59:59',12,10,'[{\"from\":0,\"costs\":100},{\"from\":50,\"costs\":50}]','','2021-06-01 11:27:39','2021-06-01 11:27:39'),(15,'AT',2,100,10.00,'2020-01-01 00:00:00','2025-12-31 23:59:59',1,10,'[{\"from\":0,\"costs\":100},{\"from\":50,\"costs\":50}]','','2021-06-01 11:27:39','2021-06-01 11:27:39'),(16,'AT',2,75,10.00,'2020-01-01 00:00:00','2025-12-31 23:59:59',3,10,'[{\"from\":0,\"costs\":100},{\"from\":50,\"costs\":50}]','','2021-06-01 11:27:39','2021-06-01 11:27:39'),(17,'AT',2,50,10.00,'2020-01-01 00:00:00','2025-12-31 23:59:59',6,10,'[{\"from\":0,\"costs\":100},{\"from\":50,\"costs\":50}]','','2021-06-01 11:27:39','2021-06-01 11:27:39'),(18,'AT',2,10,10.00,'2020-01-01 00:00:00','2025-12-31 23:59:59',12,10,'[{\"from\":0,\"costs\":100},{\"from\":50,\"costs\":50}]','','2021-06-01 11:27:39','2021-06-01 11:27:39'),(19,'CH',2,75,2.50,'2020-01-01 00:00:00','2025-12-31 23:59:59',6,10,'[{\"from\":0,\"costs\":100},{\"from\":50,\"costs\":50}]','','2021-06-01 11:27:39','2021-06-01 11:27:39'),(20,'CH',2,50,2.50,'2020-01-01 00:00:00','2025-12-31 23:59:59',12,10,'[{\"from\":0,\"costs\":100},{\"from\":50,\"costs\":50}]','','2021-06-01 11:27:39','2021-06-01 11:27:39'),(21,'DE',3,100,7.00,'2020-01-01 00:00:00','2025-12-31 23:59:59',1,10,'[{\"from\":0,\"costs\":100},{\"from\":50,\"costs\":50}]','','2021-06-01 11:27:39','2021-06-01 11:27:39'),(22,'DE',3,75,7.00,'2020-01-01 00:00:00','2025-12-31 23:59:59',3,10,'[{\"from\":0,\"costs\":100},{\"from\":50,\"costs\":50}]','','2021-06-01 11:27:39','2021-06-01 11:27:39'),(23,'DE',3,50,7.00,'2020-01-01 00:00:00','2025-12-31 23:59:59',6,10,'[{\"from\":0,\"costs\":100},{\"from\":50,\"costs\":50}]','','2021-06-01 11:27:39','2021-06-01 11:27:39'),(24,'DE',3,10,7.00,'2020-01-01 00:00:00','2025-12-31 23:59:59',12,10,'[{\"from\":0,\"costs\":100},{\"from\":50,\"costs\":50}]','','2021-06-01 11:27:39','2021-06-01 11:27:39');
/*!40000 ALTER TABLE `products` ENABLE KEYS */;
UNLOCK TABLES;

--
-- Table structure for table `shipments`
--

DROP TABLE IF EXISTS `shipments`;
/*!40101 SET @saved_cs_client     = @@character_set_client */;
/*!40101 SET character_set_client = utf8 */;
CREATE TABLE `shipments` (
  `id` int(11) NOT NULL AUTO_INCREMENT,
  `subscription_id` int(11) NOT NULL,
  `product_id` int(11) NOT NULL,
  `item_id` int(11) NOT NULL,
  `country_id` varchar(2) COLLATE utf8_unicode_ci NOT NULL,
  `quantity` bigint(20) NOT NULL,
  `state` varchar(255) COLLATE utf8_unicode_ci NOT NULL,
  `shipping_date` datetime NOT NULL,
  PRIMARY KEY (`id`),
  UNIQUE KEY `UNIQIDX_SUBSCRIPTION_DATE` (`subscription_id`,`shipping_date`),
  KEY `IDX_94699AD49A1887DC` (`subscription_id`),
  KEY `IDX_94699AD44584665A` (`product_id`),
  KEY `IDX_94699AD4126F525E` (`item_id`),
  KEY `IDX_94699AD4F92F3E70` (`country_id`),
  CONSTRAINT `FK_94699AD4126F525E` FOREIGN KEY (`item_id`) REFERENCES `items` (`id`),
  CONSTRAINT `FK_94699AD44584665A` FOREIGN KEY (`product_id`) REFERENCES `products` (`id`),
  CONSTRAINT `FK_94699AD49A1887DC` FOREIGN KEY (`subscription_id`) REFERENCES `subscriptions` (`id`),
  CONSTRAINT `FK_94699AD4F92F3E70` FOREIGN KEY (`country_id`) REFERENCES `countries` (`id`)
) ENGINE=InnoDB AUTO_INCREMENT=151 DEFAULT CHARSET=utf8 COLLATE=utf8_unicode_ci;
/*!40101 SET character_set_client = @saved_cs_client */;

--
-- Dumping data for table `shipments`
--

LOCK TABLES `shipments` WRITE;
/*!40000 ALTER TABLE `shipments` DISABLE KEYS */;
INSERT INTO `shipments` VALUES (1,1,24,3,'DE',10000,'1','2020-01-01 00:00:00'),(2,1,24,3,'DE',10000,'1','2020-02-01 00:00:00'),(3,1,24,3,'DE',10000,'1','2020-03-01 00:00:00'),(4,1,24,3,'DE',10000,'1','2020-04-01 00:00:00'),(5,1,24,3,'DE',10000,'1','2020-05-01 00:00:00'),(6,1,24,3,'DE',10000,'1','2020-06-01 00:00:00'),(7,1,24,3,'DE',10000,'1','2020-07-01 00:00:00'),(8,1,24,3,'DE',10000,'1','2020-08-01 00:00:00'),(9,1,24,3,'DE',10000,'1','2020-09-01 00:00:00'),(10,1,24,3,'DE',10000,'1','2020-10-01 00:00:00'),(11,1,24,3,'DE',10000,'1','2020-11-01 00:00:00'),(12,1,24,3,'DE',10000,'1','2020-12-01 00:00:00'),(13,1,24,3,'DE',10000,'1','2021-01-01 00:00:00'),(14,1,24,3,'DE',10000,'1','2021-02-01 00:00:00'),(15,1,24,3,'DE',10000,'1','2021-03-01 00:00:00'),(16,1,24,3,'DE',10000,'1','2021-04-01 00:00:00'),(17,1,24,3,'DE',10000,'1','2021-05-01 00:00:00'),(18,1,24,3,'DE',10000,'1','2021-06-01 00:00:00'),(19,1,24,3,'DE',10000,'0','2021-07-01 00:00:00'),(20,1,24,3,'DE',10000,'0','2021-08-01 00:00:00'),(21,1,24,3,'DE',10000,'0','2021-09-01 00:00:00'),(22,1,24,3,'DE',10000,'0','2021-10-01 00:00:00'),(23,1,24,3,'DE',10000,'0','2021-11-01 00:00:00'),(24,1,24,3,'DE',10000,'0','2021-12-01 00:00:00'),(25,1,24,3,'DE',10000,'0','2022-01-01 00:00:00'),(26,1,24,3,'DE',10000,'0','2022-02-01 00:00:00'),(27,1,24,3,'DE',10000,'0','2022-03-01 00:00:00'),(28,1,24,3,'DE',10000,'0','2022-04-01 00:00:00'),(29,1,24,3,'DE',10000,'0','2022-05-01 00:00:00'),(30,1,24,3,'DE',10000,'0','2022-06-01 00:00:00'),(31,1,24,3,'DE',10000,'0','2022-07-01 00:00:00'),(32,1,24,3,'DE',10000,'0','2022-08-01 00:00:00'),(33,1,24,3,'DE',10000,'0','2022-09-01 00:00:00'),(34,1,24,3,'DE',10000,'0','2022-10-01 00:00:00'),(35,1,24,3,'DE',10000,'0','2022-11-01 00:00:00'),(36,1,24,3,'DE',10000,'0','2022-12-01 00:00:00'),(37,1,24,3,'DE',10000,'0','2023-01-01 00:00:00'),(38,1,24,3,'DE',10000,'0','2023-02-01 00:00:00'),(39,1,24,3,'DE',10000,'0','2023-03-01 00:00:00'),(40,1,24,3,'DE',10000,'0','2023-04-01 00:00:00'),(41,1,24,3,'DE',10000,'0','2023-05-01 00:00:00'),(42,1,24,3,'DE',10000,'0','2023-06-01 00:00:00'),(43,1,24,3,'DE',10000,'0','2023-07-01 00:00:00'),(44,1,24,3,'DE',10000,'0','2023-08-01 00:00:00'),(45,1,24,3,'DE',10000,'0','2023-09-01 00:00:00'),(46,1,24,3,'DE',10000,'0','2023-10-01 00:00:00'),(47,1,24,3,'DE',10000,'0','2023-11-01 00:00:00'),(48,1,24,3,'DE',10000,'0','2023-12-01 00:00:00'),(49,1,24,3,'DE',10000,'0','2024-01-01 00:00:00'),(50,1,24,3,'DE',10000,'0','2024-02-01 00:00:00'),(51,1,24,3,'DE',10000,'0','2024-03-01 00:00:00'),(52,1,24,3,'DE',10000,'0','2024-04-01 00:00:00'),(53,1,24,3,'DE',10000,'0','2024-05-01 00:00:00'),(54,1,24,3,'DE',10000,'0','2024-06-01 00:00:00'),(55,1,24,3,'DE',10000,'0','2024-07-01 00:00:00'),(56,1,24,3,'DE',10000,'0','2024-08-01 00:00:00'),(57,1,24,3,'DE',10000,'0','2024-09-01 00:00:00'),(58,1,24,3,'DE',10000,'0','2024-10-01 00:00:00'),(59,1,24,3,'DE',10000,'0','2024-11-01 00:00:00'),(60,1,24,3,'DE',10000,'0','2024-12-01 00:00:00'),(61,1,24,3,'DE',10000,'0','2025-01-01 00:00:00'),(62,2,21,3,'DE',10000,'1','2021-01-01 00:00:00'),(63,3,24,3,'DE',10000,'1','2015-01-01 00:00:00'),(64,3,24,3,'DE',10000,'1','2015-02-01 00:00:00'),(65,3,24,3,'DE',10000,'1','2015-03-01 00:00:00'),(66,3,24,3,'DE',10000,'1','2015-04-01 00:00:00'),(67,3,24,3,'DE',10000,'1','2015-05-01 00:00:00'),(68,3,24,3,'DE',10000,'1','2015-06-01 00:00:00'),(69,3,24,3,'DE',10000,'1','2015-07-01 00:00:00'),(70,3,24,3,'DE',10000,'1','2015-08-01 00:00:00'),(71,3,24,3,'DE',10000,'1','2015-09-01 00:00:00'),(72,3,24,3,'DE',10000,'1','2015-10-01 00:00:00'),(73,3,24,3,'DE',10000,'1','2015-11-01 00:00:00'),(74,3,24,3,'DE',10000,'1','2015-12-01 00:00:00'),(75,3,24,3,'DE',10000,'1','2016-01-01 00:00:00'),(76,4,24,3,'DE',10000,'1','2020-01-01 00:00:00'),(77,4,24,3,'DE',10000,'1','2020-02-01 00:00:00'),(78,4,24,3,'DE',10000,'1','2020-03-01 00:00:00'),(79,4,24,3,'DE',10000,'1','2020-04-01 00:00:00'),(80,4,24,3,'DE',10000,'1','2020-05-01 00:00:00'),(81,4,24,3,'DE',10000,'1','2020-06-01 00:00:00'),(82,4,24,3,'DE',10000,'1','2020-07-01 00:00:00'),(83,4,24,3,'DE',10000,'1','2020-08-01 00:00:00'),(84,4,24,3,'DE',10000,'1','2020-09-01 00:00:00'),(85,4,24,3,'DE',10000,'1','2020-10-01 00:00:00'),(86,4,24,3,'DE',10000,'1','2020-11-01 00:00:00'),(87,4,24,3,'DE',10000,'1','2020-12-01 00:00:00'),(88,4,24,3,'DE',10000,'1','2021-01-01 00:00:00'),(89,4,24,3,'DE',10000,'1','2021-02-01 00:00:00'),(90,4,24,3,'DE',10000,'1','2021-03-01 00:00:00'),(91,4,24,3,'DE',10000,'1','2021-04-01 00:00:00'),(92,4,24,3,'DE',10000,'1','2021-05-01 00:00:00'),(93,4,24,3,'DE',10000,'1','2021-06-01 00:00:00'),(94,4,24,3,'DE',10000,'0','2021-07-01 00:00:00'),(95,4,24,3,'DE',10000,'0','2021-08-01 00:00:00'),(96,4,24,3,'DE',10000,'0','2021-09-01 00:00:00'),(97,4,24,3,'DE',10000,'0','2021-10-01 00:00:00'),(98,4,24,3,'DE',10000,'0','2021-11-01 00:00:00'),(99,4,24,3,'DE',10000,'0','2021-12-01 00:00:00'),(100,4,24,3,'DE',10000,'0','2022-01-01 00:00:00'),(101,4,24,3,'DE',10000,'0','2022-02-01 00:00:00'),(102,4,24,3,'DE',10000,'0','2022-03-01 00:00:00'),(103,4,24,3,'DE',10000,'0','2022-04-01 00:00:00'),(104,4,24,3,'DE',10000,'0','2022-05-01 00:00:00'),(105,4,24,3,'DE',10000,'0','2022-06-01 00:00:00'),(106,4,24,3,'DE',10000,'0','2022-07-01 00:00:00'),(107,4,24,3,'DE',10000,'0','2022-08-01 00:00:00'),(108,4,24,3,'DE',10000,'0','2022-09-01 00:00:00'),(109,4,24,3,'DE',10000,'0','2022-10-01 00:00:00'),(110,4,24,3,'DE',10000,'0','2022-11-01 00:00:00'),(111,4,24,3,'DE',10000,'0','2022-12-01 00:00:00'),(112,4,24,3,'DE',10000,'0','2023-01-01 00:00:00'),(113,4,24,3,'DE',10000,'0','2023-02-01 00:00:00'),(114,4,24,3,'DE',10000,'0','2023-03-01 00:00:00'),(115,4,24,3,'DE',10000,'0','2023-04-01 00:00:00'),(116,4,24,3,'DE',10000,'0','2023-05-01 00:00:00'),(117,4,24,3,'DE',10000,'0','2023-06-01 00:00:00'),(118,4,24,3,'DE',10000,'0','2023-07-01 00:00:00'),(119,4,24,3,'DE',10000,'0','2023-08-01 00:00:00'),(120,4,24,3,'DE',10000,'0','2023-09-01 00:00:00'),(121,4,24,3,'DE',10000,'0','2023-10-01 00:00:00'),(122,4,24,3,'DE',10000,'0','2023-11-01 00:00:00'),(123,4,24,3,'DE',10000,'0','2023-12-01 00:00:00'),(124,4,24,3,'DE',10000,'0','2024-01-01 00:00:00'),(125,4,24,3,'DE',10000,'0','2024-02-01 00:00:00'),(126,4,24,3,'DE',10000,'0','2024-03-01 00:00:00'),(127,4,24,3,'DE',10000,'0','2024-04-01 00:00:00'),(128,4,24,3,'DE',10000,'0','2024-05-01 00:00:00'),(129,4,24,3,'DE',10000,'0','2024-06-01 00:00:00'),(130,4,24,3,'DE',10000,'0','2024-07-01 00:00:00'),(131,4,24,3,'DE',10000,'0','2024-08-01 00:00:00'),(132,4,24,3,'DE',10000,'0','2024-09-01 00:00:00'),(133,4,24,3,'DE',10000,'0','2024-10-01 00:00:00'),(134,4,24,3,'DE',10000,'0','2024-11-01 00:00:00'),(135,4,24,3,'DE',10000,'0','2024-12-01 00:00:00'),(136,4,24,3,'DE',10000,'0','2025-01-01 00:00:00'),(137,5,21,3,'DE',10000,'1','2021-01-01 00:00:00'),(138,6,24,3,'DE',10000,'1','2015-01-01 00:00:00'),(139,6,24,3,'DE',10000,'1','2015-02-01 00:00:00'),(140,6,24,3,'DE',10000,'1','2015-03-01 00:00:00'),(141,6,24,3,'DE',10000,'1','2015-04-01 00:00:00'),(142,6,24,3,'DE',10000,'1','2015-05-01 00:00:00'),(143,6,24,3,'DE',10000,'1','2015-06-01 00:00:00'),(144,6,24,3,'DE',10000,'1','2015-07-01 00:00:00'),(145,6,24,3,'DE',10000,'1','2015-08-01 00:00:00'),(146,6,24,3,'DE',10000,'1','2015-09-01 00:00:00'),(147,6,24,3,'DE',10000,'1','2015-10-01 00:00:00'),(148,6,24,3,'DE',10000,'1','2015-11-01 00:00:00'),(149,6,24,3,'DE',10000,'1','2015-12-01 00:00:00'),(150,6,24,3,'DE',10000,'1','2016-01-01 00:00:00');
/*!40000 ALTER TABLE `shipments` ENABLE KEYS */;
UNLOCK TABLES;

--
-- Table structure for table `stock`
--

DROP TABLE IF EXISTS `stock`;
/*!40101 SET @saved_cs_client     = @@character_set_client */;
/*!40101 SET character_set_client = utf8 */;
CREATE TABLE `stock` (
  `id` bigint(20) NOT NULL AUTO_INCREMENT,
  `item_id` int(11) NOT NULL,
  `country_id` varchar(2) COLLATE utf8_unicode_ci NOT NULL,
  `at_date` datetime NOT NULL,
  `quantity` bigint(20) NOT NULL,
  PRIMARY KEY (`id`),
  UNIQUE KEY `UNIQIDX_ITEM_COUNTRY_DATE` (`item_id`,`country_id`,`at_date`),
  KEY `IDX_4B365660126F525E` (`item_id`),
  KEY `IDX_4B365660F92F3E70` (`country_id`),
  CONSTRAINT `FK_4B365660126F525E` FOREIGN KEY (`item_id`) REFERENCES `items` (`id`),
  CONSTRAINT `FK_4B365660F92F3E70` FOREIGN KEY (`country_id`) REFERENCES `countries` (`id`)
) ENGINE=InnoDB AUTO_INCREMENT=421 DEFAULT CHARSET=utf8 COLLATE=utf8_unicode_ci;
/*!40101 SET character_set_client = @saved_cs_client */;

--
-- Dumping data for table `stock`
--

LOCK TABLES `stock` WRITE;
/*!40000 ALTER TABLE `stock` DISABLE KEYS */;
INSERT INTO `stock` VALUES (1,1,'DE','2020-01-01 00:00:00',100000),(2,1,'DE','2020-02-01 00:00:00',100000),(3,1,'DE','2020-03-01 00:00:00',100000),(4,1,'DE','2020-04-01 00:00:00',100000),(5,1,'DE','2020-05-01 00:00:00',100000),(6,1,'DE','2020-06-01 00:00:00',100000),(7,1,'DE','2020-07-01 00:00:00',100000),(8,1,'DE','2020-08-01 00:00:00',100000),(9,1,'DE','2020-09-01 00:00:00',100000),(10,1,'DE','2020-10-01 00:00:00',100000),(11,1,'DE','2020-11-01 00:00:00',100000),(12,1,'DE','2020-12-01 00:00:00',100000),(13,1,'DE','2021-01-01 00:00:00',100000),(14,1,'DE','2021-02-01 00:00:00',100000),(15,1,'DE','2021-03-01 00:00:00',100000),(16,1,'DE','2021-04-01 00:00:00',100000),(17,1,'DE','2021-05-01 00:00:00',100000),(18,1,'DE','2021-06-01 00:00:00',100000),(19,1,'DE','2021-07-01 00:00:00',100000),(20,1,'DE','2021-08-01 00:00:00',100000),(21,1,'DE','2021-09-01 00:00:00',100000),(22,1,'DE','2021-10-01 00:00:00',100000),(23,1,'DE','2021-11-01 00:00:00',100000),(24,1,'DE','2021-12-01 00:00:00',100000),(25,1,'DE','2022-01-01 00:00:00',100000),(26,1,'DE','2022-02-01 00:00:00',100000),(27,1,'DE','2022-03-01 00:00:00',100000),(28,1,'DE','2022-04-01 00:00:00',100000),(29,1,'DE','2022-05-01 00:00:00',100000),(30,1,'DE','2022-06-01 00:00:00',100000),(31,1,'DE','2022-07-01 00:00:00',100000),(32,1,'DE','2022-08-01 00:00:00',100000),(33,1,'DE','2022-09-01 00:00:00',100000),(34,1,'DE','2022-10-01 00:00:00',100000),(35,1,'DE','2022-11-01 00:00:00',100000),(36,1,'DE','2022-12-01 00:00:00',100000),(37,1,'DE','2023-01-01 00:00:00',100000),(38,1,'DE','2023-02-01 00:00:00',100000),(39,1,'DE','2023-03-01 00:00:00',100000),(40,1,'DE','2023-04-01 00:00:00',100000),(41,1,'DE','2023-05-01 00:00:00',100000),(42,1,'DE','2023-06-01 00:00:00',100000),(43,1,'DE','2023-07-01 00:00:00',100000),(44,1,'DE','2023-08-01 00:00:00',100000),(45,1,'DE','2023-09-01 00:00:00',100000),(46,1,'DE','2023-10-01 00:00:00',100000),(47,1,'DE','2023-11-01 00:00:00',100000),(48,1,'DE','2023-12-01 00:00:00',100000),(49,1,'DE','2024-01-01 00:00:00',100000),(50,1,'DE','2024-02-01 00:00:00',100000),(51,1,'DE','2024-03-01 00:00:00',100000),(52,1,'DE','2024-04-01 00:00:00',100000),(53,1,'DE','2024-05-01 00:00:00',100000),(54,1,'DE','2024-06-01 00:00:00',100000),(55,1,'DE','2024-07-01 00:00:00',100000),(56,1,'DE','2024-08-01 00:00:00',100000),(57,1,'DE','2024-09-01 00:00:00',100000),(58,1,'DE','2024-10-01 00:00:00',100000),(59,1,'DE','2024-11-01 00:00:00',100000),(60,1,'DE','2024-12-01 00:00:00',100000),(61,1,'AT','2020-01-01 00:00:00',100000),(62,1,'AT','2020-02-01 00:00:00',100000),(63,1,'AT','2020-03-01 00:00:00',100000),(64,1,'AT','2020-04-01 00:00:00',100000),(65,1,'AT','2020-05-01 00:00:00',100000),(66,1,'AT','2020-06-01 00:00:00',100000),(67,1,'AT','2020-07-01 00:00:00',100000),(68,1,'AT','2020-08-01 00:00:00',100000),(69,1,'AT','2020-09-01 00:00:00',100000),(70,1,'AT','2020-10-01 00:00:00',100000),(71,1,'AT','2020-11-01 00:00:00',100000),(72,1,'AT','2020-12-01 00:00:00',100000),(73,1,'AT','2021-01-01 00:00:00',100000),(74,1,'AT','2021-02-01 00:00:00',100000),(75,1,'AT','2021-03-01 00:00:00',100000),(76,1,'AT','2021-04-01 00:00:00',100000),(77,1,'AT','2021-05-01 00:00:00',100000),(78,1,'AT','2021-06-01 00:00:00',100000),(79,1,'AT','2021-07-01 00:00:00',100000),(80,1,'AT','2021-08-01 00:00:00',100000),(81,1,'AT','2021-09-01 00:00:00',100000),(82,1,'AT','2021-10-01 00:00:00',100000),(83,1,'AT','2021-11-01 00:00:00',100000),(84,1,'AT','2021-12-01 00:00:00',100000),(85,1,'AT','2022-01-01 00:00:00',100000),(86,1,'AT','2022-02-01 00:00:00',100000),(87,1,'AT','2022-03-01 00:00:00',100000),(88,1,'AT','2022-04-01 00:00:00',100000),(89,1,'AT','2022-05-01 00:00:00',100000),(90,1,'AT','2022-06-01 00:00:00',100000),(91,1,'AT','2022-07-01 00:00:00',100000),(92,1,'AT','2022-08-01 00:00:00',100000),(93,1,'AT','2022-09-01 00:00:00',100000),(94,1,'AT','2022-10-01 00:00:00',100000),(95,1,'AT','2022-11-01 00:00:00',100000),(96,1,'AT','2022-12-01 00:00:00',100000),(97,1,'AT','2023-01-01 00:00:00',100000),(98,1,'AT','2023-02-01 00:00:00',100000),(99,1,'AT','2023-03-01 00:00:00',100000),(100,1,'AT','2023-04-01 00:00:00',100000),(101,1,'AT','2023-05-01 00:00:00',100000),(102,1,'AT','2023-06-01 00:00:00',100000),(103,1,'AT','2023-07-01 00:00:00',100000),(104,1,'AT','2023-08-01 00:00:00',100000),(105,1,'AT','2023-09-01 00:00:00',100000),(106,1,'AT','2023-10-01 00:00:00',100000),(107,1,'AT','2023-11-01 00:00:00',100000),(108,1,'AT','2023-12-01 00:00:00',100000),(109,1,'AT','2024-01-01 00:00:00',100000),(110,1,'AT','2024-02-01 00:00:00',100000),(111,1,'AT','2024-03-01 00:00:00',100000),(112,1,'AT','2024-04-01 00:00:00',100000),(113,1,'AT','2024-05-01 00:00:00',100000),(114,1,'AT','2024-06-01 00:00:00',100000),(115,1,'AT','2024-07-01 00:00:00',100000),(116,1,'AT','2024-08-01 00:00:00',100000),(117,1,'AT','2024-09-01 00:00:00',100000),(118,1,'AT','2024-10-01 00:00:00',100000),(119,1,'AT','2024-11-01 00:00:00',100000),(120,1,'AT','2024-12-01 00:00:00',100000),(121,1,'CH','2020-01-01 00:00:00',10000),(122,1,'CH','2020-02-01 00:00:00',10000),(123,1,'CH','2020-03-01 00:00:00',10000),(124,1,'CH','2020-04-01 00:00:00',10000),(125,1,'CH','2020-05-01 00:00:00',10000),(126,1,'CH','2020-06-01 00:00:00',10000),(127,1,'CH','2020-07-01 00:00:00',10000),(128,1,'CH','2020-08-01 00:00:00',10000),(129,1,'CH','2020-09-01 00:00:00',10000),(130,1,'CH','2020-10-01 00:00:00',10000),(131,1,'CH','2020-11-01 00:00:00',10000),(132,1,'CH','2020-12-01 00:00:00',10000),(133,1,'CH','2021-01-01 00:00:00',10000),(134,1,'CH','2021-02-01 00:00:00',10000),(135,1,'CH','2021-03-01 00:00:00',10000),(136,1,'CH','2021-04-01 00:00:00',10000),(137,1,'CH','2021-05-01 00:00:00',10000),(138,1,'CH','2021-06-01 00:00:00',10000),(139,1,'CH','2021-07-01 00:00:00',10000),(140,1,'CH','2021-08-01 00:00:00',10000),(141,1,'CH','2021-09-01 00:00:00',10000),(142,1,'CH','2021-10-01 00:00:00',10000),(143,1,'CH','2021-11-01 00:00:00',10000),(144,1,'CH','2021-12-01 00:00:00',10000),(145,1,'CH','2022-01-01 00:00:00',10000),(146,1,'CH','2022-02-01 00:00:00',10000),(147,1,'CH','2022-03-01 00:00:00',10000),(148,1,'CH','2022-04-01 00:00:00',10000),(149,1,'CH','2022-05-01 00:00:00',10000),(150,1,'CH','2022-06-01 00:00:00',10000),(151,1,'CH','2022-07-01 00:00:00',10000),(152,1,'CH','2022-08-01 00:00:00',10000),(153,1,'CH','2022-09-01 00:00:00',10000),(154,1,'CH','2022-10-01 00:00:00',10000),(155,1,'CH','2022-11-01 00:00:00',10000),(156,1,'CH','2022-12-01 00:00:00',10000),(157,1,'CH','2023-01-01 00:00:00',10000),(158,1,'CH','2023-02-01 00:00:00',10000),(159,1,'CH','2023-03-01 00:00:00',10000),(160,1,'CH','2023-04-01 00:00:00',10000),(161,1,'CH','2023-05-01 00:00:00',10000),(162,1,'CH','2023-06-01 00:00:00',10000),(163,1,'CH','2023-07-01 00:00:00',10000),(164,1,'CH','2023-08-01 00:00:00',10000),(165,1,'CH','2023-09-01 00:00:00',10000),(166,1,'CH','2023-10-01 00:00:00',10000),(167,1,'CH','2023-11-01 00:00:00',10000),(168,1,'CH','2023-12-01 00:00:00',10000),(169,1,'CH','2024-01-01 00:00:00',10000),(170,1,'CH','2024-02-01 00:00:00',10000),(171,1,'CH','2024-03-01 00:00:00',10000),(172,1,'CH','2024-04-01 00:00:00',10000),(173,1,'CH','2024-05-01 00:00:00',10000),(174,1,'CH','2024-06-01 00:00:00',10000),(175,1,'CH','2024-07-01 00:00:00',10000),(176,1,'CH','2024-08-01 00:00:00',10000),(177,1,'CH','2024-09-01 00:00:00',10000),(178,1,'CH','2024-10-01 00:00:00',10000),(179,1,'CH','2024-11-01 00:00:00',10000),(180,1,'CH','2024-12-01 00:00:00',10000),(181,2,'DE','2020-01-01 00:00:00',100000),(182,2,'DE','2020-02-01 00:00:00',100000),(183,2,'DE','2020-03-01 00:00:00',100000),(184,2,'DE','2020-04-01 00:00:00',100000),(185,2,'DE','2020-05-01 00:00:00',100000),(186,2,'DE','2020-06-01 00:00:00',100000),(187,2,'DE','2020-07-01 00:00:00',100000),(188,2,'DE','2020-08-01 00:00:00',100000),(189,2,'DE','2020-09-01 00:00:00',100000),(190,2,'DE','2020-10-01 00:00:00',100000),(191,2,'DE','2020-11-01 00:00:00',100000),(192,2,'DE','2020-12-01 00:00:00',100000),(193,2,'DE','2021-01-01 00:00:00',100000),(194,2,'DE','2021-02-01 00:00:00',100000),(195,2,'DE','2021-03-01 00:00:00',100000),(196,2,'DE','2021-04-01 00:00:00',100000),(197,2,'DE','2021-05-01 00:00:00',100000),(198,2,'DE','2021-06-01 00:00:00',100000),(199,2,'DE','2021-07-01 00:00:00',100000),(200,2,'DE','2021-08-01 00:00:00',100000),(201,2,'DE','2021-09-01 00:00:00',100000),(202,2,'DE','2021-10-01 00:00:00',100000),(203,2,'DE','2021-11-01 00:00:00',100000),(204,2,'DE','2021-12-01 00:00:00',100000),(205,2,'DE','2022-01-01 00:00:00',100000),(206,2,'DE','2022-02-01 00:00:00',100000),(207,2,'DE','2022-03-01 00:00:00',100000),(208,2,'DE','2022-04-01 00:00:00',100000),(209,2,'DE','2022-05-01 00:00:00',100000),(210,2,'DE','2022-06-01 00:00:00',100000),(211,2,'DE','2022-07-01 00:00:00',100000),(212,2,'DE','2022-08-01 00:00:00',100000),(213,2,'DE','2022-09-01 00:00:00',100000),(214,2,'DE','2022-10-01 00:00:00',100000),(215,2,'DE','2022-11-01 00:00:00',100000),(216,2,'DE','2022-12-01 00:00:00',100000),(217,2,'DE','2023-01-01 00:00:00',100000),(218,2,'DE','2023-02-01 00:00:00',100000),(219,2,'DE','2023-03-01 00:00:00',100000),(220,2,'DE','2023-04-01 00:00:00',100000),(221,2,'DE','2023-05-01 00:00:00',100000),(222,2,'DE','2023-06-01 00:00:00',100000),(223,2,'DE','2023-07-01 00:00:00',100000),(224,2,'DE','2023-08-01 00:00:00',100000),(225,2,'DE','2023-09-01 00:00:00',100000),(226,2,'DE','2023-10-01 00:00:00',100000),(227,2,'DE','2023-11-01 00:00:00',100000),(228,2,'DE','2023-12-01 00:00:00',100000),(229,2,'DE','2024-01-01 00:00:00',100000),(230,2,'DE','2024-02-01 00:00:00',100000),(231,2,'DE','2024-03-01 00:00:00',100000),(232,2,'DE','2024-04-01 00:00:00',100000),(233,2,'DE','2024-05-01 00:00:00',100000),(234,2,'DE','2024-06-01 00:00:00',100000),(235,2,'DE','2024-07-01 00:00:00',100000),(236,2,'DE','2024-08-01 00:00:00',100000),(237,2,'DE','2024-09-01 00:00:00',100000),(238,2,'DE','2024-10-01 00:00:00',100000),(239,2,'DE','2024-11-01 00:00:00',100000),(240,2,'DE','2024-12-01 00:00:00',100000),(241,2,'AT','2020-01-01 00:00:00',100000),(242,2,'AT','2020-02-01 00:00:00',100000),(243,2,'AT','2020-03-01 00:00:00',100000),(244,2,'AT','2020-04-01 00:00:00',100000),(245,2,'AT','2020-05-01 00:00:00',100000),(246,2,'AT','2020-06-01 00:00:00',100000),(247,2,'AT','2020-07-01 00:00:00',100000),(248,2,'AT','2020-08-01 00:00:00',100000),(249,2,'AT','2020-09-01 00:00:00',100000),(250,2,'AT','2020-10-01 00:00:00',100000),(251,2,'AT','2020-11-01 00:00:00',100000),(252,2,'AT','2020-12-01 00:00:00',100000),(253,2,'AT','2021-01-01 00:00:00',100000),(254,2,'AT','2021-02-01 00:00:00',100000),(255,2,'AT','2021-03-01 00:00:00',100000),(256,2,'AT','2021-04-01 00:00:00',100000),(257,2,'AT','2021-05-01 00:00:00',100000),(258,2,'AT','2021-06-01 00:00:00',100000),(259,2,'AT','2021-07-01 00:00:00',100000),(260,2,'AT','2021-08-01 00:00:00',100000),(261,2,'AT','2021-09-01 00:00:00',100000),(262,2,'AT','2021-10-01 00:00:00',100000),(263,2,'AT','2021-11-01 00:00:00',100000),(264,2,'AT','2021-12-01 00:00:00',100000),(265,2,'AT','2022-01-01 00:00:00',100000),(266,2,'AT','2022-02-01 00:00:00',100000),(267,2,'AT','2022-03-01 00:00:00',100000),(268,2,'AT','2022-04-01 00:00:00',100000),(269,2,'AT','2022-05-01 00:00:00',100000),(270,2,'AT','2022-06-01 00:00:00',100000),(271,2,'AT','2022-07-01 00:00:00',100000),(272,2,'AT','2022-08-01 00:00:00',100000),(273,2,'AT','2022-09-01 00:00:00',100000),(274,2,'AT','2022-10-01 00:00:00',100000),(275,2,'AT','2022-11-01 00:00:00',100000),(276,2,'AT','2022-12-01 00:00:00',100000),(277,2,'AT','2023-01-01 00:00:00',100000),(278,2,'AT','2023-02-01 00:00:00',100000),(279,2,'AT','2023-03-01 00:00:00',100000),(280,2,'AT','2023-04-01 00:00:00',100000),(281,2,'AT','2023-05-01 00:00:00',100000),(282,2,'AT','2023-06-01 00:00:00',100000),(283,2,'AT','2023-07-01 00:00:00',100000),(284,2,'AT','2023-08-01 00:00:00',100000),(285,2,'AT','2023-09-01 00:00:00',100000),(286,2,'AT','2023-10-01 00:00:00',100000),(287,2,'AT','2023-11-01 00:00:00',100000),(288,2,'AT','2023-12-01 00:00:00',100000),(289,2,'AT','2024-01-01 00:00:00',100000),(290,2,'AT','2024-02-01 00:00:00',100000),(291,2,'AT','2024-03-01 00:00:00',100000),(292,2,'AT','2024-04-01 00:00:00',100000),(293,2,'AT','2024-05-01 00:00:00',100000),(294,2,'AT','2024-06-01 00:00:00',100000),(295,2,'AT','2024-07-01 00:00:00',100000),(296,2,'AT','2024-08-01 00:00:00',100000),(297,2,'AT','2024-09-01 00:00:00',100000),(298,2,'AT','2024-10-01 00:00:00',100000),(299,2,'AT','2024-11-01 00:00:00',100000),(300,2,'AT','2024-12-01 00:00:00',100000),(301,2,'CH','2020-01-01 00:00:00',100000),(302,2,'CH','2020-02-01 00:00:00',100000),(303,2,'CH','2020-03-01 00:00:00',100000),(304,2,'CH','2020-04-01 00:00:00',100000),(305,2,'CH','2020-05-01 00:00:00',100000),(306,2,'CH','2020-06-01 00:00:00',100000),(307,2,'CH','2020-07-01 00:00:00',100000),(308,2,'CH','2020-08-01 00:00:00',100000),(309,2,'CH','2020-09-01 00:00:00',100000),(310,2,'CH','2020-10-01 00:00:00',100000),(311,2,'CH','2020-11-01 00:00:00',100000),(312,2,'CH','2020-12-01 00:00:00',100000),(313,2,'CH','2021-01-01 00:00:00',100000),(314,2,'CH','2021-02-01 00:00:00',100000),(315,2,'CH','2021-03-01 00:00:00',100000),(316,2,'CH','2021-04-01 00:00:00',100000),(317,2,'CH','2021-05-01 00:00:00',100000),(318,2,'CH','2021-06-01 00:00:00',100000),(319,2,'CH','2021-07-01 00:00:00',100000),(320,2,'CH','2021-08-01 00:00:00',100000),(321,2,'CH','2021-09-01 00:00:00',100000),(322,2,'CH','2021-10-01 00:00:00',100000),(323,2,'CH','2021-11-01 00:00:00',100000),(324,2,'CH','2021-12-01 00:00:00',100000),(325,2,'CH','2022-01-01 00:00:00',100000),(326,2,'CH','2022-02-01 00:00:00',100000),(327,2,'CH','2022-03-01 00:00:00',100000),(328,2,'CH','2022-04-01 00:00:00',100000),(329,2,'CH','2022-05-01 00:00:00',100000),(330,2,'CH','2022-06-01 00:00:00',100000),(331,2,'CH','2022-07-01 00:00:00',100000),(332,2,'CH','2022-08-01 00:00:00',100000),(333,2,'CH','2022-09-01 00:00:00',100000),(334,2,'CH','2022-10-01 00:00:00',100000),(335,2,'CH','2022-11-01 00:00:00',100000),(336,2,'CH','2022-12-01 00:00:00',100000),(337,2,'CH','2023-01-01 00:00:00',100000),(338,2,'CH','2023-02-01 00:00:00',100000),(339,2,'CH','2023-03-01 00:00:00',100000),(340,2,'CH','2023-04-01 00:00:00',100000),(341,2,'CH','2023-05-01 00:00:00',100000),(342,2,'CH','2023-06-01 00:00:00',100000),(343,2,'CH','2023-07-01 00:00:00',100000),(344,2,'CH','2023-08-01 00:00:00',100000),(345,2,'CH','2023-09-01 00:00:00',100000),(346,2,'CH','2023-10-01 00:00:00',100000),(347,2,'CH','2023-11-01 00:00:00',100000),(348,2,'CH','2023-12-01 00:00:00',100000),(349,2,'CH','2024-01-01 00:00:00',100000),(350,2,'CH','2024-02-01 00:00:00',100000),(351,2,'CH','2024-03-01 00:00:00',100000),(352,2,'CH','2024-04-01 00:00:00',100000),(353,2,'CH','2024-05-01 00:00:00',100000),(354,2,'CH','2024-06-01 00:00:00',100000),(355,2,'CH','2024-07-01 00:00:00',100000),(356,2,'CH','2024-08-01 00:00:00',100000),(357,2,'CH','2024-09-01 00:00:00',100000),(358,2,'CH','2024-10-01 00:00:00',100000),(359,2,'CH','2024-11-01 00:00:00',100000),(360,2,'CH','2024-12-01 00:00:00',100000),(361,3,'DE','2020-01-01 00:00:00',100000),(362,3,'DE','2020-02-01 00:00:00',100000),(363,3,'DE','2020-03-01 00:00:00',100000),(364,3,'DE','2020-04-01 00:00:00',100000),(365,3,'DE','2020-05-01 00:00:00',100000),(366,3,'DE','2020-06-01 00:00:00',100000),(367,3,'DE','2020-07-01 00:00:00',100000),(368,3,'DE','2020-08-01 00:00:00',100000),(369,3,'DE','2020-09-01 00:00:00',100000),(370,3,'DE','2020-10-01 00:00:00',100000),(371,3,'DE','2020-11-01 00:00:00',100000),(372,3,'DE','2020-12-01 00:00:00',100000),(373,3,'DE','2021-01-01 00:00:00',100000),(374,3,'DE','2021-02-01 00:00:00',100000),(375,3,'DE','2021-03-01 00:00:00',100000),(376,3,'DE','2021-04-01 00:00:00',100000),(377,3,'DE','2021-05-01 00:00:00',100000),(378,3,'DE','2021-06-01 00:00:00',100000),(379,3,'DE','2021-07-01 00:00:00',100000),(380,3,'DE','2021-08-01 00:00:00',100000),(381,3,'DE','2021-09-01 00:00:00',100000),(382,3,'DE','2021-10-01 00:00:00',100000),(383,3,'DE','2021-11-01 00:00:00',100000),(384,3,'DE','2021-12-01 00:00:00',100000),(385,3,'DE','2022-01-01 00:00:00',100000),(386,3,'DE','2022-02-01 00:00:00',100000),(387,3,'DE','2022-03-01 00:00:00',100000),(388,3,'DE','2022-04-01 00:00:00',100000),(389,3,'DE','2022-05-01 00:00:00',100000),(390,3,'DE','2022-06-01 00:00:00',100000),(391,3,'DE','2022-07-01 00:00:00',100000),(392,3,'DE','2022-08-01 00:00:00',100000),(393,3,'DE','2022-09-01 00:00:00',100000),(394,3,'DE','2022-10-01 00:00:00',100000),(395,3,'DE','2022-11-01 00:00:00',100000),(396,3,'DE','2022-12-01 00:00:00',100000),(397,3,'DE','2023-01-01 00:00:00',100000),(398,3,'DE','2023-02-01 00:00:00',100000),(399,3,'DE','2023-03-01 00:00:00',100000),(400,3,'DE','2023-04-01 00:00:00',100000),(401,3,'DE','2023-05-01 00:00:00',100000),(402,3,'DE','2023-06-01 00:00:00',100000),(403,3,'DE','2023-07-01 00:00:00',100000),(404,3,'DE','2023-08-01 00:00:00',100000),(405,3,'DE','2023-09-01 00:00:00',100000),(406,3,'DE','2023-10-01 00:00:00',100000),(407,3,'DE','2023-11-01 00:00:00',100000),(408,3,'DE','2023-12-01 00:00:00',100000),(409,3,'DE','2024-01-01 00:00:00',100000),(410,3,'DE','2024-02-01 00:00:00',100000),(411,3,'DE','2024-03-01 00:00:00',100000),(412,3,'DE','2024-04-01 00:00:00',100000),(413,3,'DE','2024-05-01 00:00:00',100000),(414,3,'DE','2024-06-01 00:00:00',100000),(415,3,'DE','2024-07-01 00:00:00',100000),(416,3,'DE','2024-08-01 00:00:00',100000),(417,3,'DE','2024-09-01 00:00:00',100000),(418,3,'DE','2024-10-01 00:00:00',100000),(419,3,'DE','2024-11-01 00:00:00',100000),(420,3,'DE','2024-12-01 00:00:00',100000);
/*!40000 ALTER TABLE `stock` ENABLE KEYS */;
UNLOCK TABLES;

--
-- Table structure for table `stores`
--

DROP TABLE IF EXISTS `stores`;
/*!40101 SET @saved_cs_client     = @@character_set_client */;
/*!40101 SET character_set_client = utf8 */;
CREATE TABLE `stores` (
  `id` int(11) NOT NULL AUTO_INCREMENT,
  `customer_id` int(11) NOT NULL,
  `country_id` varchar(2) COLLATE utf8_unicode_ci NOT NULL,
  `name` varchar(255) COLLATE utf8_unicode_ci NOT NULL,
  `description` varchar(255) COLLATE utf8_unicode_ci NOT NULL,
  `start_date` datetime NOT NULL,
  `created_at` datetime NOT NULL,
  `updated_at` datetime NOT NULL,
  PRIMARY KEY (`id`),
  KEY `IDX_D5907CCC9395C3F3` (`customer_id`),
  KEY `IDX_D5907CCCF92F3E70` (`country_id`),
  CONSTRAINT `FK_D5907CCC9395C3F3` FOREIGN KEY (`customer_id`) REFERENCES `customers` (`id`),
  CONSTRAINT `FK_D5907CCCF92F3E70` FOREIGN KEY (`country_id`) REFERENCES `countries` (`id`)
) ENGINE=InnoDB AUTO_INCREMENT=13 DEFAULT CHARSET=utf8 COLLATE=utf8_unicode_ci;
/*!40101 SET character_set_client = @saved_cs_client */;

--
-- Dumping data for table `stores`
--

LOCK TABLES `stores` WRITE;
/*!40000 ALTER TABLE `stores` DISABLE KEYS */;
INSERT INTO `stores` VALUES (1,1,'DE','customer_1_store_1','','2015-01-01 00:00:00','2021-06-01 11:27:39','2021-06-01 11:27:39'),(2,1,'DE','customer_1_store_2','','2015-01-01 00:00:00','2021-06-01 11:27:39','2021-06-01 11:27:39'),(3,1,'AT','customer_1_store_2','','2015-01-01 00:00:00','2021-06-01 11:27:39','2021-06-01 11:27:39'),(4,2,'DE','customer_2_store_1','','2015-01-01 00:00:00','2021-06-01 11:27:39','2021-06-01 11:27:39'),(5,2,'DE','customer_2_store_2','','2015-01-01 00:00:00','2021-06-01 11:27:39','2021-06-01 11:27:39'),(6,3,'CH','customer_3_store_1','','2015-01-01 00:00:00','2021-06-01 11:27:39','2021-06-01 11:27:39'),(7,3,'NL','customer_3_store_2','','2015-01-01 00:00:00','2021-06-01 11:27:39','2021-06-01 11:27:39'),(8,3,'AT','customer_3_store_2','','2015-01-01 00:00:00','2021-06-01 11:27:39','2021-06-01 11:27:39'),(9,4,'AT','customer_4_store_2','','2015-01-01 00:00:00','2021-06-01 11:27:39','2021-06-01 11:27:39'),(10,5,'DE','customer_5_store_1','','2015-01-01 00:00:00','2021-06-01 11:27:39','2021-06-01 11:27:39'),(11,5,'DE','customer_5_store_2','','2015-01-01 00:00:00','2021-06-01 11:27:39','2021-06-01 11:27:39'),(12,5,'AT','customer_5_store_2','','2015-01-01 00:00:00','2021-06-01 11:27:39','2021-06-01 11:27:39');
/*!40000 ALTER TABLE `stores` ENABLE KEYS */;
UNLOCK TABLES;

--
-- Table structure for table `subscriptions`
--

DROP TABLE IF EXISTS `subscriptions`;
/*!40101 SET @saved_cs_client     = @@character_set_client */;
/*!40101 SET character_set_client = utf8 */;
CREATE TABLE `subscriptions` (
  `id` int(11) NOT NULL AUTO_INCREMENT,
  `store_id` int(11) DEFAULT NULL,
  `product_id` int(11) DEFAULT NULL,
  `quantity` int(11) NOT NULL,
  `startDate` datetime NOT NULL,
  `endDate` datetime NOT NULL,
  `recurring` tinyint(1) NOT NULL,
  `created_at` datetime NOT NULL,
  `updated_at` datetime NOT NULL,
  PRIMARY KEY (`id`),
  KEY `IDX_4778A01B092A811` (`store_id`),
  KEY `IDX_4778A014584665A` (`product_id`),
  CONSTRAINT `FK_4778A014584665A` FOREIGN KEY (`product_id`) REFERENCES `products` (`id`),
  CONSTRAINT `FK_4778A01B092A811` FOREIGN KEY (`store_id`) REFERENCES `stores` (`id`)
) ENGINE=InnoDB AUTO_INCREMENT=7 DEFAULT CHARSET=utf8 COLLATE=utf8_unicode_ci;
/*!40101 SET character_set_client = @saved_cs_client */;

--
-- Dumping data for table `subscriptions`
--

LOCK TABLES `subscriptions` WRITE;
/*!40000 ALTER TABLE `subscriptions` DISABLE KEYS */;
INSERT INTO `subscriptions` VALUES (1,1,24,10000,'2020-01-01 00:00:00','2025-01-31 23:59:59',1,'2021-06-01 11:27:39','2021-06-01 11:27:39'),(2,1,21,10000,'2021-01-01 00:00:00','2021-01-31 23:59:59',1,'2021-06-01 11:27:39','2021-06-01 11:27:39'),(3,1,24,10000,'2015-01-01 00:00:00','2016-01-31 23:59:59',1,'2021-06-01 11:27:39','2021-06-01 11:27:39'),(4,2,24,10000,'2020-01-01 00:00:00','2025-01-31 23:59:59',1,'2021-06-01 11:27:39','2021-06-01 11:27:39'),(5,2,21,10000,'2021-01-01 00:00:00','2021-01-31 23:59:59',1,'2021-06-01 11:27:39','2021-06-01 11:27:39'),(6,2,24,10000,'2015-01-01 00:00:00','2016-01-31 23:59:59',1,'2021-06-01 11:27:39','2021-06-01 11:27:39');
/*!40000 ALTER TABLE `subscriptions` ENABLE KEYS */;
UNLOCK TABLES;
/*!40103 SET TIME_ZONE=@OLD_TIME_ZONE */;

/*!40101 SET SQL_MODE=@OLD_SQL_MODE */;
/*!40014 SET FOREIGN_KEY_CHECKS=@OLD_FOREIGN_KEY_CHECKS */;
/*!40014 SET UNIQUE_CHECKS=@OLD_UNIQUE_CHECKS */;
/*!40101 SET CHARACTER_SET_CLIENT=@OLD_CHARACTER_SET_CLIENT */;
/*!40101 SET CHARACTER_SET_RESULTS=@OLD_CHARACTER_SET_RESULTS */;
/*!40101 SET COLLATION_CONNECTION=@OLD_COLLATION_CONNECTION */;
/*!40111 SET SQL_NOTES=@OLD_SQL_NOTES */;

-- Dump completed on 2021-06-01 11:31:16
